<?xml version="1.0" encoding="UTF-8"?>
<beans:beans
	xmlns="http://www.springframework.org/schema/mvc"
	xmlns:xsi="http://www.w3.org/2001/XMLSchema-instance"
	xmlns:beans="http://www.springframework.org/schema/beans"
	xmlns:context="http://www.springframework.org/schema/context"
	xsi:schemaLocation="http://www.springframework.org/schema/mvc https://www.springframework.org/schema/mvc/spring-mvc.xsd
		http://www.springframework.org/schema/beans https://www.springframework.org/schema/beans/spring-beans.xsd
		http://www.springframework.org/schema/context https://www.springframework.org/schema/context/spring-context.xsd">

	<!-- DispatcherServlet Context: defines this servlet's request-processing 
		infrastructure -->

	<!-- Enables the Spring MVC @Controller programming model -->
	<annotation-driven />

	<!-- Handles HTTP GET requests for /resources/** by efficiently serving 
		up static resources in the ${webappRoot}/resources directory -->
	<resources mapping="/resources/**" location="/resources/" />

	<!-- Resolves views selected for rendering by @Controllers to .jsp resources 
		in the /WEB-INF/views directory -->
	<beans:bean
		class="org.springframework.web.servlet.view.InternalResourceViewResolver">
		<beans:property name="prefix" value="/WEB-INF/views/" />
		<beans:property name="suffix" value=".jsp" />
	</beans:bean>

	<context:component-scan
		base-package="com.ezen.carCamping" />

	<!-- fileUpload -->
	<beans:bean
		class="org.springframework.web.multipart.commons.CommonsMultipartResolver"
		id="multipartResolver">
		<beans:property value="31457280" name="maxUploadSize" />

		<!--약 10mb 제한 -->
		<beans:property value="utf-8" name="defaultEncoding" />

		<!-- 인코딩 -->
	</beans:bean>
	<beans:bean id="uploadPath" class="java.lang.String">
		<beans:constructor-arg
			value="C:\git\CarCamping\src\main\webapp\resources\images" />
	</beans:bean>

	<!--이메일 인증 : 박혜성 0620 추가 -->
	 <context:annotation-config/>
	<!-- navermail설정 -->
	<beans:bean id="mailSender"
		class="org.springframework.mail.javamail.JavaMailSenderImpl">
		<beans:property name="host" value="smtp.naver.com" /> <!-- 메이서버 호스트 -->
		<beans:property name="port" value="587" /> <!-- 메이서버 포트번호 -->

		<beans:property name="username" value="dlwjdals1759" /> <!-- 자신의 이메일 아이디 -->
		<beans:property name="password" value="wnsdn0619!" /> <!-- 자신의 비밀번호 -->

		<!-- 보안연결 SSL과 관련된 설정 -->
		<beans:property name="javaMailProperties">
			<beans:props>
				<beans:prop key="mail.smtp.auth">true</beans:prop>
				<beans:prop key="mail.smtp.starttls.enable">true</beans:prop>
				<beans:prop key="mail.smtps.checkserveridentity">true</beans:prop>
				<beans:prop key="mail.transport.protocol">smtp</beans:prop>
				<beans:prop key="mail.smtps.ssl.trust">*</beans:prop>
				<beans:prop key="mail.debug">true</beans:prop>
				<beans:prop key="mail.smtp.socketFactory.class">javax.net.ssl.SSLSocketFactory
				</beans:prop>
			</beans:props>
		</beans:property>
	</beans:bean>

</beans:beans>
