<?xml version="1.0" encoding="UTF-8"?>
<!DOCTYPE mapper
 	PUBLIC "-//mybatis.org//DTD Mapper 3.0//EN"
 	"http://mybatis.org/dtd/mybatis-3-mapper.dtd"> 
 	
<mapper namespace="com.ezen.carCamping.model.myPageMapper"> 
	<select id="cartProduct" parameterType="int" resultType="ProductCartDTO"><!-- 용품을 장바구니에 추가만 하는 쿼리문 -->
	select a.*,b.prod_name,prod_price from ProductCart as a left join Product as b on a.prod_num = b.prod_num where a.mem_num = #{mem_num}
	</select>

	<insert id="insertCart" parameterType="ProductCartDTO">
		insert into ProductCart values(null, #{mem_num}, #{prod_num}, 1, #{cart_prodCount}, #{cart_from}, #{cart_to})
	</insert>
	
	  <update id="updateCart" parameterType="ProductCartDTO">
		update ProductCart set cart_prodCount=#{cart_prodCount} where prod_num = #{prod_num} and mem_num = #{mem_num}
	</update>  
	
	<delete id="deleteCart" parameterType="int">
		delete from ProductCart where Prod_num =#{prod_num}
	</delete>
	
</mapper>