{"properties": [

  {
    "name": "cloud.aws.stack.auto",
    "type": "java.lang.String",
    "description": "A description for 'cloud.aws.stack.auto'"
  },
  {
    "name": "cloud.aws.s3.bucket",
    "type": "java.lang.String",
    "description": "A description for 'cloud.aws.s3.bucket'"
  },
  {
    "name": "cloud.aws.s3.bucket.url",
    "type": "java.lang.String",
    "description": "A description for 'cloud.aws.s3.bucket.url'"
  },
  {
    "name": "cloud.aws.region.static",
    "type": "java.lang.String",
    "description": "A description for 'cloud.aws.region.static'"
  }
]}