<?xml version="1.0" encoding="UTF-8"?>
<!DOCTYPE mapper
    PUBLIC "-//mybatis.org//DTD Mapper 3.0//EN"
    "http://mybatis.org/dtd/mybatis-3-mapper.dtd">
 <mapper namespace="com.ezen.carCamping.model.loginLogMapper">
 
 <insert id="insertLoginLogSuccess" parameterType="LoginLogDTO">
 insert into LoginLog(login_auto, login_success, login_userId, login_sysdate, login_ip, login_reason)
 values(#{login_auto},0,#{login_userId},now(),#{login_ip}, null)
 </insert>
 
 
 <insert id="insertLoginLogFail" parameterType="LoginLogDTO">
 insert into LoginLog(login_auto, login_success, login_userId, login_sysdate, login_ip, login_reason)
 values(#{login_auto},1,#{login_userId},now(),#{login_ip},#{login_reason})
 </insert>

<select id="latestLoginSuccessDate" parameterType="String" resultType="String">
	select login_sysdate from LoginLog where login_userId=#{login_userId} and login_success=0 order by login_sysdate desc limit 0,1
</select>

<select id="countLoginReason_0" parameterType="Map" resultType="Integer">
	select count(*) from LoginLog where login_userId =#{login_userId} and login_reason = 1
	and login_sysdate between '${latestLoginSuccessDate}' and now(); 
	<!-- and login_sysdate > date('${latestLoginSuccessDate}') -->
</select>
<select id="countLoginReason_0_now" parameterType="String" resultType="Integer">
	select count(*) from LoginLog where login_userId =#{login_userId} and login_reason = 1
	and  now()>login_sysdate 
</select>
<update id="DeniedMember" parameterType="String">
	update Member set mem_denied=0 where mem_id = #{login_userId}
</update>
 </mapper>